{"cameraMode":{"drawMode":0,"name":"Shaded","section":"Shading Mode"},"sceneLighting":false,"audioPlay":false,"sceneViewState":{"m_AlwaysRefresh":false,"showFog":true,"showSkybox":true,"showFlares":true,"showImageEffects":true,"showParticleSystems":true,"showVisualEffectGraphs":true,"m_FxEnabled":true},"in2DMode":false,"pivot":{"x":0.7769443988800049,"y":0.13488179445266725,"z":-1.0096334218978882},"rotation":{"x":0.041955433785915378,"y":0.03955657407641411,"z":-0.0016641604015603662,"w":0.9983387589454651},"size":8.094436645507813,"orthographic":true}