{"cameraMode":{"drawMode":0,"name":"Shaded","section":"Shading Mode"},"sceneLighting":false,"audioPlay":false,"sceneViewState":{"m_AlwaysRefresh":false,"showFog":true,"showSkybox":true,"showFlares":true,"showImageEffects":true,"showParticleSystems":true,"showVisualEffectGraphs":true,"m_FxEnabled":true},"in2DMode":false,"pivot":{"x":-0.07214713096618653,"y":-1.0178027153015137,"z":0.030241012573242189},"rotation":{"x":0.05547158420085907,"y":-0.0029947985894978048,"z":0.00016617983055766672,"w":0.9984595775604248},"size":2.33077335357666,"orthographic":true}