{"cameraMode":{"drawMode":0,"name":"Shaded","section":"Shading Mode"},"sceneLighting":false,"audioPlay":false,"sceneViewState":{"m_AlwaysRefresh":false,"showFog":true,"showSkybox":true,"showFlares":true,"showImageEffects":true,"showParticleSystems":true,"showVisualEffectGraphs":true,"m_FxEnabled":true},"in2DMode":false,"pivot":{"x":-0.07898825407028198,"y":0.015607297420501709,"z":0.08447431772947312},"rotation":{"x":0.029987260699272157,"y":0.0245873611420393,"z":-0.000739441195037216,"w":0.999257504940033},"size":12.141120910644532,"orthographic":true}