{"cameraMode":{"drawMode":0,"name":"Shaded","section":"Shading Mode"},"sceneLighting":false,"audioPlay":false,"sceneViewState":{"m_AlwaysRefresh":false,"showFog":true,"showSkybox":true,"showFlares":true,"showImageEffects":true,"showParticleSystems":true,"showVisualEffectGraphs":true,"m_FxEnabled":true},"in2DMode":false,"pivot":{"x":0.10299575328826904,"y":1.2307814359664918,"z":0.043084852397441867},"rotation":{"x":0.029987260699272157,"y":0.0245873611420393,"z":-0.000739441195037216,"w":0.999257504940033},"size":13.312268257141114,"orthographic":true}