{"cameraMode":{"drawMode":0,"name":"Shaded","section":"Shading Mode"},"sceneLighting":false,"audioPlay":false,"sceneViewState":{"m_AlwaysRefresh":false,"showFog":true,"showSkybox":true,"showFlares":true,"showImageEffects":true,"showParticleSystems":true,"showVisualEffectGraphs":true,"m_FxEnabled":true},"in2DMode":false,"pivot":{"x":0.36010175943374636,"y":-0.8859700560569763,"z":4.240563869476318},"rotation":{"x":0.0194941908121109,"y":-0.02339240349829197,"z":0.0004534046456683427,"w":0.9995426535606384},"size":14.986067771911621,"orthographic":true}